[
  {
    "OrderType":"Anything else",
    "ReportDateDisplay":"Jan 2015",
    "OnTime":21.12664988174258,
    "Late":7.746623941405357,
    "PercentageOnTime":73.17026122893336,
    "PercentageLate":26.829738771066637,
    "Total":28.873273823147937
  },
  {
    "OrderType":"Anything else",
    "ReportDateDisplay":"Dec 2014",
    "OnTime":72.49309529259175,
    "Late":1.0036621652552071,
    "PercentageOnTime":98.63441300001453,
    "PercentageLate":1.365586999985467,
    "Total":73.49675745784695
  },
  {
    "OrderType":"Anything else",
    "ReportDateDisplay":"Nov 2014",
    "OnTime":72.01853971160449,
    "Late":5.780956740672923,
    "PercentageOnTime":92.56941625037511,
    "PercentageLate":7.430583749624897,
    "Total":77.79949645227741
  },
  {
    "OrderType":"Anything else",
    "ReportDateDisplay":"Oct 2014",
    "OnTime":13.779430838483252,
    "Late":18.467002365148396,
    "PercentageOnTime":42.731643377325184,
    "PercentageLate":57.268356622674816,
    "Total":32.246433203631646
  },
  {
    "OrderType":"Anything else",
    "ReportDateDisplay":"Sep 2014",
    "OnTime":18.95376516365301,
    "Late":7.29404135194934,
    "PercentageOnTime":72.21085370461878,
    "PercentageLate":27.789146295381215,
    "Total":26.24780651560235
  },
  {
    "OrderType":"Anything else",
    "ReportDateDisplay":"Aug 2014",
    "OnTime":4.791866941329061,
    "Late":6.857022964827955,
    "PercentageOnTime":41.13582478615684,
    "PercentageLate":58.86417521384315,
    "Total":11.648889906157017
  },
  {
    "OrderType":"Anything else",
    "ReportDateDisplay":"Jul 2014",
    "OnTime":47.39658197909514,
    "Late":8.451895933470665,
    "PercentageOnTime":84.86638087665948,
    "PercentageLate":15.133619123340518,
    "Total":55.848477912565805
  },
  {
    "OrderType":"Anything else",
    "ReportDateDisplay":"Jun 2014",
    "OnTime":45.80811779964905,
    "Late":11.139620050354772,
    "PercentageOnTime":80.43887172534276,
    "PercentageLate":19.561128274657225,
    "Total":56.94773785000382
  },
  {
    "OrderType":"Anything else",
    "ReportDateDisplay":"May 2014",
    "OnTime":36.98077363241016,
    "Late":9.205691615167467,
    "PercentageOnTime":80.06842141778692,
    "PercentageLate":19.931578582213074,
    "Total":46.18646524757763
  },
  {
    "OrderType":"Anything else",
    "ReportDateDisplay":"Apr 2014",
    "OnTime":78.31593804837111,
    "Late":4.937132829785611,
    "PercentageOnTime":94.06972886680511,
    "PercentageLate":5.930271133194892,
    "Total":83.25307087815672
  },
  {
    "OrderType":"Anything else",
    "ReportDateDisplay":"Mar 2014",
    "OnTime":81.24719615472648,
    "Late":4.634393835355153,
    "PercentageOnTime":94.60374006129791,
    "PercentageLate":5.396259938702082,
    "Total":85.88158999008164
  },
  {
    "OrderType":"Anything else",
    "ReportDateDisplay":"Feb 2014",
    "OnTime":51.20218204013123,
    "Late":10.85275043869688,
    "PercentageOnTime":82.51105914521844,
    "PercentageLate":17.48894085478156,
    "Total":62.05493247882811
  }]