[{
  "@href":"http:\/\/myintranet.trailfinders.test.com:80\/trulifedashboard.nsf\/api\/data\/collections\/name\/data2\/unid\/14AFC703F4C60F4F80257DC8006283C2",
  "@link":
  {
    "rel":"document",
    "href":"http:\/\/myintranet.trailfinders.test.com:80\/trulifedashboard.nsf\/api\/data\/documents\/unid\/14AFC703F4C60F4F80257DC8006283C2"
  },
  "@entryid":"2.1-14AFC703F4C60F4F80257DC8006283C2",
  "@unid":"14AFC703F4C60F4F80257DC8006283C2",
  "@noteid":"92A",
  "@position":"2.1",
  "@siblings":12,
  "@indent":1,
  "@form":"Data",
  "OrderType":"Bag Truss",
  "ReportDateDisplay":"Jan 2015",
  "OnTime":4.692683299000534,
  "Late":3.1484702830548565,
  "PercentageOnTime":59.846848424698855,
  "PercentageLate":40.15315157530115,
  "Total":7.841153582055391
},
{
"@href":"http:\/\/myintranet.trailfinders.test.com:80\/trulifedashboard.nsf\/api\/data\/collections\/name\/data2\/unid\/A1756460C48CE96480257DC8006283C3",
"@link":
{
"rel":"document",
"href":"http:\/\/myintranet.trailfinders.test.com:80\/trulifedashboard.nsf\/api\/data\/documents\/unid\/A1756460C48CE96480257DC8006283C3"
},
"@entryid":"2.2-A1756460C48CE96480257DC8006283C3",
"@unid":"A1756460C48CE96480257DC8006283C3",
"@noteid":"92E",
"@position":"2.2",
"@siblings":12,
"@indent":1,
"@form":"Data",
"OrderType":"Bag Truss",
"ReportDateDisplay":"Dec 2014",
"OnTime":41.72785534447242,
"Late":14.249408712901502,
"PercentageOnTime":74.54429230714713,
"PercentageLate":25.455707692852883,
"Total":55.977264057373915
},
{
"@href":"http:\/\/myintranet.trailfinders.test.com:80\/trulifedashboard.nsf\/api\/data\/collections\/name\/data2\/unid\/E6637217DA52E5EA80257DC8006283C4",
"@link":
{
"rel":"document",
"href":"http:\/\/myintranet.trailfinders.test.com:80\/trulifedashboard.nsf\/api\/data\/documents\/unid\/E6637217DA52E5EA80257DC8006283C4"
},
"@entryid":"2.3-E6637217DA52E5EA80257DC8006283C4",
"@unid":"E6637217DA52E5EA80257DC8006283C4",
"@noteid":"932",
"@position":"2.3",
"@siblings":12,
"@indent":1,
"@form":"Data",
"OrderType":"Bag Truss",
"ReportDateDisplay":"Nov 2014",
"OnTime":49.13611047531853,
"Late":6.2936598764019225,
"PercentageOnTime":88.64570457992782,
"PercentageLate":11.35429542007218,
"Total":55.42977035172046
},
{
"@href":"http:\/\/myintranet.trailfinders.test.com:80\/trulifedashboard.nsf\/api\/data\/collections\/name\/data2\/unid\/F3F97F1C00221A8480257DC8006283C5",
"@link":
{
"rel":"document",
"href":"http:\/\/myintranet.trailfinders.test.com:80\/trulifedashboard.nsf\/api\/data\/documents\/unid\/F3F97F1C00221A8480257DC8006283C5"
},
"@entryid":"2.4-F3F97F1C00221A8480257DC8006283C5",
"@unid":"F3F97F1C00221A8480257DC8006283C5",
"@noteid":"936",
"@position":"2.4",
"@siblings":12,
"@indent":1,
"@form":"Data",
"OrderType":"Bag Truss",
"ReportDateDisplay":"Oct 2014",
"OnTime":83.11337453269245,
"Late":4.25963225757229,
"PercentageOnTime":95.12477318332725,
"PercentageLate":4.87522681667275,
"Total":87.37300679026474
},
{
"@href":"http:\/\/myintranet.trailfinders.test.com:80\/trulifedashboard.nsf\/api\/data\/collections\/name\/data2\/unid\/014F3FD48AA0E1F180257DC8006283C6",
"@link":
{
"rel":"document",
"href":"http:\/\/myintranet.trailfinders.test.com:80\/trulifedashboard.nsf\/api\/data\/documents\/unid\/014F3FD48AA0E1F180257DC8006283C6"
},
"@entryid":"2.5-014F3FD48AA0E1F180257DC8006283C6",
"@unid":"014F3FD48AA0E1F180257DC8006283C6",
"@noteid":"93A",
"@position":"2.5",
"@siblings":12,
"@indent":1,
"@form":"Data",
"OrderType":"Bag Truss",
"ReportDateDisplay":"Sep 2014",
"OnTime":80.82299534599832,
"Late":15.211947814145114,
"PercentageOnTime":84.15998665321395,
"PercentageLate":15.840013346786046,
"Total":96.03494316014344
},
{
"@href":"http:\/\/myintranet.trailfinders.test.com:80\/trulifedashboard.nsf\/api\/data\/collections\/name\/data2\/unid\/751A4F383CD7553780257DC8006283C7",
"@link":
{
"rel":"document",
"href":"http:\/\/myintranet.trailfinders.test.com:80\/trulifedashboard.nsf\/api\/data\/documents\/unid\/751A4F383CD7553780257DC8006283C7"
},
"@entryid":"2.6-751A4F383CD7553780257DC8006283C7",
"@unid":"751A4F383CD7553780257DC8006283C7",
"@noteid":"93E",
"@position":"2.6",
"@siblings":12,
"@indent":1,
"@form":"Data",
"OrderType":"Bag Truss",
"ReportDateDisplay":"Aug 2014",
"OnTime":6.555809872587167,
"Late":16.364003967345695,
"PercentageOnTime":28.603242235611326,
"PercentageLate":71.39675776438867,
"Total":22.919813839932864
},
{
"@href":"http:\/\/myintranet.trailfinders.test.com:80\/trulifedashboard.nsf\/api\/data\/collections\/name\/data2\/unid\/E17018F9572217D880257DC8006283C8",
"@link":
{
"rel":"document",
"href":"http:\/\/myintranet.trailfinders.test.com:80\/trulifedashboard.nsf\/api\/data\/documents\/unid\/E17018F9572217D880257DC8006283C8"
},
"@entryid":"2.7-E17018F9572217D880257DC8006283C8",
"@unid":"E17018F9572217D880257DC8006283C8",
"@noteid":"942",
"@position":"2.7",
"@siblings":12,
"@indent":1,
"@form":"Data",
"OrderType":"Bag Truss",
"ReportDateDisplay":"Jul 2014",
"OnTime":86.42153047989623,
"Late":6.576867322804608,
"PercentageOnTime":92.92797781660965,
"PercentageLate":7.0720221833903505,
"Total":92.99839780270084
},
{
"@href":"http:\/\/myintranet.trailfinders.test.com:80\/trulifedashboard.nsf\/api\/data\/collections\/name\/data2\/unid\/FFC0A90995433DBC80257DC8006283C9",
"@link":
{
"rel":"document",
"href":"http:\/\/myintranet.trailfinders.test.com:80\/trulifedashboard.nsf\/api\/data\/documents\/unid\/FFC0A90995433DBC80257DC8006283C9"
},
"@entryid":"2.8-FFC0A90995433DBC80257DC8006283C9",
"@unid":"FFC0A90995433DBC80257DC8006283C9",
"@noteid":"946",
"@position":"2.8",
"@siblings":12,
"@indent":1,
"@form":"Data",
"OrderType":"Bag Truss",
"ReportDateDisplay":"Jun 2014",
"OnTime":29.18188754100862,
"Late":3.955367360952163,
"PercentageOnTime":88.06368429535145,
"PercentageLate":11.936315704648537,
"Total":33.13725490196079
},
{
"@href":"http:\/\/myintranet.trailfinders.test.com:80\/trulifedashboard.nsf\/api\/data\/collections\/name\/data2\/unid\/903E3AB748269C3D80257DC8006283CA",
"@link":
{
"rel":"document",
"href":"http:\/\/myintranet.trailfinders.test.com:80\/trulifedashboard.nsf\/api\/data\/documents\/unid\/903E3AB748269C3D80257DC8006283CA"
},
"@entryid":"2.9-903E3AB748269C3D80257DC8006283CA",
"@unid":"903E3AB748269C3D80257DC8006283CA",
"@noteid":"94A",
"@position":"2.9",
"@siblings":12,
"@indent":1,
"@form":"Data",
"OrderType":"Bag Truss",
"ReportDateDisplay":"May 2014",
"OnTime":21.93232623788815,
"Late":5.2221713588159,
"PercentageOnTime":80.76866883572998,
"PercentageLate":19.23133116427002,
"Total":27.15449759670405
},
{
"@href":"http:\/\/myintranet.trailfinders.test.com:80\/trulifedashboard.nsf\/api\/data\/collections\/name\/data2\/unid\/0C54AC614960C89B80257DC8006283CB",
"@link":
{
"rel":"document",
"href":"http:\/\/myintranet.trailfinders.test.com:80\/trulifedashboard.nsf\/api\/data\/documents\/unid\/0C54AC614960C89B80257DC8006283CB"
},
"@entryid":"2.10-0C54AC614960C89B80257DC8006283CB",
"@unid":"0C54AC614960C89B80257DC8006283CB",
"@noteid":"94E",
"@position":"2.10",
"@siblings":12,
"@indent":1,
"@form":"Data",
"OrderType":"Bag Truss",
"ReportDateDisplay":"Apr 2014",
"OnTime":73.21026932173648,
"Late":9.496528572518502,
"PercentageOnTime":88.51783793557053,
"PercentageLate":11.482162064429476,
"Total":82.70679789425498
},
{
"@href":"http:\/\/myintranet.trailfinders.test.com:80\/trulifedashboard.nsf\/api\/data\/collections\/name\/data2\/unid\/D699B7CEFF4EDFFF80257DC8006283CC",
"@link":
{
"rel":"document",
"href":"http:\/\/myintranet.trailfinders.test.com:80\/trulifedashboard.nsf\/api\/data\/documents\/unid\/D699B7CEFF4EDFFF80257DC8006283CC"
},
"@entryid":"2.11-D699B7CEFF4EDFFF80257DC8006283CC",
"@unid":"D699B7CEFF4EDFFF80257DC8006283CC",
"@noteid":"952",
"@position":"2.11",
"@siblings":12,
"@indent":1,
"@form":"Data",
"OrderType":"Bag Truss",
"ReportDateDisplay":"Mar 2014",
"OnTime":94.20363164721141,
"Late":12.11833371480888,
"PercentageOnTime":88.60222939488878,
"PercentageLate":11.397770605111218,
"Total":106.3219653620203
},
{
"@href":"http:\/\/myintranet.trailfinders.test.com:80\/trulifedashboard.nsf\/api\/data\/collections\/name\/data2\/unid\/FB7918BC6508773880257DC8006283CD",
"@link":
{
"rel":"document",
"href":"http:\/\/myintranet.trailfinders.test.com:80\/trulifedashboard.nsf\/api\/data\/documents\/unid\/FB7918BC6508773880257DC8006283CD"
},
"@entryid":"2.12-FB7918BC6508773880257DC8006283CD",
"@unid":"FB7918BC6508773880257DC8006283CD",
"@noteid":"956",
"@position":"2.12",
"@siblings":12,
"@indent":1,
"@form":"Data",
"OrderType":"Bag Truss",
"ReportDateDisplay":"Feb 2014",
"OnTime":11.01907377737087,
"Late":8.329518577859158,
"PercentageOnTime":56.95026064463214,
"PercentageLate":43.049739355367855,
"Total":19.34859235523003
}]