[{
  "@href":"http:\/\/myintranet.trailfinders.test.com:80\/trulifedashboard.nsf\/api\/data\/collections\/name\/data2\/unid\/9A04463CE322DA8980257DC8006283CE",
  "@link":
  {
    "rel":"document",
    "href":"http:\/\/myintranet.trailfinders.test.com:80\/trulifedashboard.nsf\/api\/data\/documents\/unid\/9A04463CE322DA8980257DC8006283CE"
  },
  "@entryid":"3.1-9A04463CE322DA8980257DC8006283CE",
  "@unid":"9A04463CE322DA8980257DC8006283CE",
  "@noteid":"95A",
  "@position":"3.1",
  "@siblings":12,
  "@indent":1,
  "@form":"Data",
  "OrderType":"Below Knee",
  "ReportDateDisplay":"Jan 2015",
  "OnTime":95.00015259021896,
  "Late":14.882963302052339,
  "PercentageOnTime":86.45564135927535,
  "PercentageLate":13.54435864072466,
  "Total":109.88311589227129
},
  {
    "@href":"http:\/\/myintranet.trailfinders.test.com:80\/trulifedashboard.nsf\/api\/data\/collections\/name\/data2\/unid\/8488462D0000FFC080257DC8006283CF",
    "@link":
    {
      "rel":"document",
      "href":"http:\/\/myintranet.trailfinders.test.com:80\/trulifedashboard.nsf\/api\/data\/documents\/unid\/8488462D0000FFC080257DC8006283CF"
    },
    "@entryid":"3.2-8488462D0000FFC080257DC8006283CF",
    "@unid":"8488462D0000FFC080257DC8006283CF",
    "@noteid":"95E",
    "@position":"3.2",
    "@siblings":12,
    "@indent":1,
    "@form":"Data",
    "OrderType":"Below Knee",
    "ReportDateDisplay":"Dec 2014",
    "OnTime":66.94033722438391,
    "Late":18.897611963073167,
    "PercentageOnTime":77.98454862685077,
    "PercentageLate":22.015451373149244,
    "Total":85.83794918745707
  },
  {
    "@href":"http:\/\/myintranet.trailfinders.test.com:80\/trulifedashboard.nsf\/api\/data\/collections\/name\/data2\/unid\/8B35D12CF6672D9780257DC8006283D0",
    "@link":
    {
      "rel":"document",
      "href":"http:\/\/myintranet.trailfinders.test.com:80\/trulifedashboard.nsf\/api\/data\/documents\/unid\/8B35D12CF6672D9780257DC8006283D0"
    },
    "@entryid":"3.3-8B35D12CF6672D9780257DC8006283D0",
    "@unid":"8B35D12CF6672D9780257DC8006283D0",
    "@noteid":"962",
    "@position":"3.3",
    "@siblings":12,
    "@indent":1,
    "@form":"Data",
    "OrderType":"Below Knee",
    "ReportDateDisplay":"Nov 2014",
    "OnTime":51.31815060654612,
    "Late":12.457999542229341,
    "PercentageOnTime":80.46605272791221,
    "PercentageLate":19.533947272087797,
    "Total":63.77615014877546
  },
  {
    "@href":"http:\/\/myintranet.trailfinders.test.com:80\/trulifedashboard.nsf\/api\/data\/collections\/name\/data2\/unid\/CCC8E199E3FFE91F80257DC8006283D1",
    "@link":
    {
      "rel":"document",
      "href":"http:\/\/myintranet.trailfinders.test.com:80\/trulifedashboard.nsf\/api\/data\/documents\/unid\/CCC8E199E3FFE91F80257DC8006283D1"
    },
    "@entryid":"3.4-CCC8E199E3FFE91F80257DC8006283D1",
    "@unid":"CCC8E199E3FFE91F80257DC8006283D1",
    "@noteid":"966",
    "@position":"3.4",
    "@siblings":12,
    "@indent":1,
    "@form":"Data",
    "OrderType":"Below Knee",
    "ReportDateDisplay":"Oct 2014",
    "OnTime":26.44899671931029,
    "Late":20.382314793621727,
    "PercentageOnTime":56.47716424086619,
    "PercentageLate":43.52283575913382,
    "Total":46.83131151293202
  },
  {
    "@href":"http:\/\/myintranet.trailfinders.test.com:80\/trulifedashboard.nsf\/api\/data\/collections\/name\/data2\/unid\/E800F30E9128881980257DC8006283D2",
    "@link":
    {
      "rel":"document",
      "href":"http:\/\/myintranet.trailfinders.test.com:80\/trulifedashboard.nsf\/api\/data\/documents\/unid\/E800F30E9128881980257DC8006283D2"
    },
    "@entryid":"3.5-E800F30E9128881980257DC8006283D2",
    "@unid":"E800F30E9128881980257DC8006283D2",
    "@noteid":"96A",
    "@position":"3.5",
    "@siblings":12,
    "@indent":1,
    "@form":"Data",
    "OrderType":"Below Knee",
    "ReportDateDisplay":"Sep 2014",
    "OnTime":12.699092088197146,
    "Late":9.051575494010834,
    "PercentageOnTime":58.38483825933227,
    "PercentageLate":41.61516174066773,
    "Total":21.75066758220798
  },
  {
    "@href":"http:\/\/myintranet.trailfinders.test.com:80\/trulifedashboard.nsf\/api\/data\/collections\/name\/data2\/unid\/53DA14D83A858C5680257DC8006283D3",
    "@link":
    {
      "rel":"document",
      "href":"http:\/\/myintranet.trailfinders.test.com:80\/trulifedashboard.nsf\/api\/data\/documents\/unid\/53DA14D83A858C5680257DC8006283D3"
    },
    "@entryid":"3.6-53DA14D83A858C5680257DC8006283D3",
    "@unid":"53DA14D83A858C5680257DC8006283D3",
    "@noteid":"96E",
    "@position":"3.6",
    "@siblings":12,
    "@indent":1,
    "@form":"Data",
    "OrderType":"Below Knee",
    "ReportDateDisplay":"Aug 2014",
    "OnTime":50.03028915846494,
    "Late":13.999465934233616,
    "PercentageOnTime":78.13599956150699,
    "PercentageLate":21.86400043849302,
    "Total":64.02975509269855
  },
  {
    "@href":"http:\/\/myintranet.trailfinders.test.com:80\/trulifedashboard.nsf\/api\/data\/collections\/name\/data2\/unid\/EEB4F09D190B31BC80257DC8006283D4",
    "@link":
    {
      "rel":"document",
      "href":"http:\/\/myintranet.trailfinders.test.com:80\/trulifedashboard.nsf\/api\/data\/documents\/unid\/EEB4F09D190B31BC80257DC8006283D4"
    },
    "@entryid":"3.7-EEB4F09D190B31BC80257DC8006283D4",
    "@unid":"EEB4F09D190B31BC80257DC8006283D4",
    "@noteid":"972",
    "@position":"3.7",
    "@siblings":12,
    "@indent":1,
    "@form":"Data",
    "OrderType":"Below Knee",
    "ReportDateDisplay":"Jul 2014",
    "OnTime":69.59540703440909,
    "Late":7.036774242771038,
    "PercentageOnTime":90.81746842450055,
    "PercentageLate":9.182531575499443,
    "Total":76.63218127718014
  },
  {
    "@href":"http:\/\/myintranet.trailfinders.test.com:80\/trulifedashboard.nsf\/api\/data\/collections\/name\/data2\/unid\/26590FABD6AA0BF080257DC8006283D5",
    "@link":
    {
      "rel":"document",
      "href":"http:\/\/myintranet.trailfinders.test.com:80\/trulifedashboard.nsf\/api\/data\/documents\/unid\/26590FABD6AA0BF080257DC8006283D5"
    },
    "@entryid":"3.8-26590FABD6AA0BF080257DC8006283D5",
    "@unid":"26590FABD6AA0BF080257DC8006283D5",
    "@noteid":"976",
    "@position":"3.8",
    "@siblings":12,
    "@indent":1,
    "@form":"Data",
    "OrderType":"Below Knee",
    "ReportDateDisplay":"Jun 2014",
    "OnTime":50.285114824139775,
    "Late":13.095216296635385,
    "PercentageOnTime":79.33867484585772,
    "PercentageLate":20.66132515414228,
    "Total":63.38033112077516
  },
  {
    "@href":"http:\/\/myintranet.trailfinders.test.com:80\/trulifedashboard.nsf\/api\/data\/collections\/name\/data2\/unid\/6EF688DCC36B549E80257DC8006283D6",
    "@link":
    {
      "rel":"document",
      "href":"http:\/\/myintranet.trailfinders.test.com:80\/trulifedashboard.nsf\/api\/data\/documents\/unid\/6EF688DCC36B549E80257DC8006283D6"
    },
    "@entryid":"3.9-6EF688DCC36B549E80257DC8006283D6",
    "@unid":"6EF688DCC36B549E80257DC8006283D6",
    "@noteid":"97A",
    "@position":"3.9",
    "@siblings":12,
    "@indent":1,
    "@form":"Data",
    "OrderType":"Below Knee",
    "ReportDateDisplay":"May 2014",
    "OnTime":65.46936751354238,
    "Late":19.154879072251468,
    "PercentageOnTime":77.364786281634,
    "PercentageLate":22.635213718365982,
    "Total":84.62424658579386
  },
  {
    "@href":"http:\/\/myintranet.trailfinders.test.com:80\/trulifedashboard.nsf\/api\/data\/collections\/name\/data2\/unid\/D1989858247187F980257DC8006283D7",
    "@link":
    {
      "rel":"document",
      "href":"http:\/\/myintranet.trailfinders.test.com:80\/trulifedashboard.nsf\/api\/data\/documents\/unid\/D1989858247187F980257DC8006283D7"
    },
    "@entryid":"3.10-D1989858247187F980257DC8006283D7",
    "@unid":"D1989858247187F980257DC8006283D7",
    "@noteid":"97E",
    "@position":"3.10",
    "@siblings":12,
    "@indent":1,
    "@form":"Data",
    "OrderType":"Below Knee",
    "ReportDateDisplay":"Apr 2014",
    "OnTime":59.36270695048448,
    "Late":12.15556572823682,
    "PercentageOnTime":83.0035524168169,
    "PercentageLate":16.99644758318309,
    "Total":71.5182726787213
  },
  {
    "@href":"http:\/\/myintranet.trailfinders.test.com:80\/trulifedashboard.nsf\/api\/data\/collections\/name\/data2\/unid\/7D22BD5B5846BA3680257DC8006283D8",
    "@link":
    {
      "rel":"document",
      "href":"http:\/\/myintranet.trailfinders.test.com:80\/trulifedashboard.nsf\/api\/data\/documents\/unid\/7D22BD5B5846BA3680257DC8006283D8"
    },
    "@entryid":"3.11-7D22BD5B5846BA3680257DC8006283D8",
    "@unid":"7D22BD5B5846BA3680257DC8006283D8",
    "@noteid":"982",
    "@position":"3.11",
    "@siblings":12,
    "@indent":1,
    "@form":"Data",
    "OrderType":"Below Knee",
    "ReportDateDisplay":"Mar 2014",
    "OnTime":35.726482032501714,
    "Late":9.831311512932022,
    "PercentageOnTime":78.42013243436058,
    "PercentageLate":21.579867565639415,
    "Total":45.55779354543374
  },
  {
    "@href":"http:\/\/myintranet.trailfinders.test.com:80\/trulifedashboard.nsf\/api\/data\/collections\/name\/data2\/unid\/FFDEB87E35400EEB80257DC8006283D9",
    "@link":
    {
      "rel":"document",
      "href":"http:\/\/myintranet.trailfinders.test.com:80\/trulifedashboard.nsf\/api\/data\/documents\/unid\/FFDEB87E35400EEB80257DC8006283D9"
    },
    "@entryid":"3.12-FFDEB87E35400EEB80257DC8006283D9",
    "@unid":"FFDEB87E35400EEB80257DC8006283D9",
    "@noteid":"986",
    "@position":"3.12",
    "@siblings":12,
    "@indent":1,
    "@form":"Data",
    "OrderType":"Below Knee",
    "ReportDateDisplay":"Feb 2014",
    "OnTime":97.72388799877928,
    "Late":9.755626764324408,
    "PercentageOnTime":90.92326869373494,
    "PercentageLate":9.076731306265058,
    "Total":107.47951476310368
  }]