[{
  "@href":"http:\/\/myintranet.trailfinders.test.com:80\/trulifedashboard.nsf\/api\/data\/collections\/name\/data2\/unid\/30E39619CB11A85E80257DC8006283DA",
  "@link":
  {
    "rel":"document",
    "href":"http:\/\/myintranet.trailfinders.test.com:80\/trulifedashboard.nsf\/api\/data\/documents\/unid\/30E39619CB11A85E80257DC8006283DA"
  },
  "@entryid":"4.1-30E39619CB11A85E80257DC8006283DA",
  "@unid":"30E39619CB11A85E80257DC8006283DA",
  "@noteid":"98A",
  "@position":"4.1",
  "@siblings":12,
  "@indent":1,
  "@form":"Data",
  "OrderType":"Belt and Corset",
  "ReportDateDisplay":"Jan 2015",
  "OnTime":13.27740901808194,
  "Late":20.371938658731974,
  "PercentageOnTime":39.45814684315779,
  "PercentageLate":60.5418531568422,
  "Total":33.64934767681392
},
  {
    "@href":"http:\/\/myintranet.trailfinders.test.com:80\/trulifedashboard.nsf\/api\/data\/collections\/name\/data2\/unid\/195564BC2807E7EC80257DC8006283DB",
    "@link":
    {
      "rel":"document",
      "href":"http:\/\/myintranet.trailfinders.test.com:80\/trulifedashboard.nsf\/api\/data\/documents\/unid\/195564BC2807E7EC80257DC8006283DB"
    },
    "@entryid":"4.2-195564BC2807E7EC80257DC8006283DB",
    "@unid":"195564BC2807E7EC80257DC8006283DB",
    "@noteid":"98E",
    "@position":"4.2",
    "@siblings":12,
    "@indent":1,
    "@form":"Data",
    "OrderType":"Belt and Corset",
    "ReportDateDisplay":"Dec 2014",
    "OnTime":11.978866254673076,
    "Late":14.87838559548333,
    "PercentageOnTime":44.601980580538495,
    "PercentageLate":55.398019419461505,
    "Total":26.857251850156405
  },
  {
    "@href":"http:\/\/myintranet.trailfinders.test.com:80\/trulifedashboard.nsf\/api\/data\/collections\/name\/data2\/unid\/649A44CA2BBDACAA80257DC8006283DC",
    "@link":
    {
      "rel":"document",
      "href":"http:\/\/myintranet.trailfinders.test.com:80\/trulifedashboard.nsf\/api\/data\/documents\/unid\/649A44CA2BBDACAA80257DC8006283DC"
    },
    "@entryid":"4.3-649A44CA2BBDACAA80257DC8006283DC",
    "@unid":"649A44CA2BBDACAA80257DC8006283DC",
    "@noteid":"992",
    "@position":"4.3",
    "@siblings":12,
    "@indent":1,
    "@form":"Data",
    "OrderType":"Belt and Corset",
    "ReportDateDisplay":"Nov 2014",
    "OnTime":33.03631647211414,
    "Late":4.611200122072175,
    "PercentageOnTime":87.75164860997961,
    "PercentageLate":12.248351390020385,
    "Total":37.647516594186314
  },
  {
    "@href":"http:\/\/myintranet.trailfinders.test.com:80\/trulifedashboard.nsf\/api\/data\/collections\/name\/data2\/unid\/24972066D48533C280257DC8006283DD",
    "@link":
    {
      "rel":"document",
      "href":"http:\/\/myintranet.trailfinders.test.com:80\/trulifedashboard.nsf\/api\/data\/documents\/unid\/24972066D48533C280257DC8006283DD"
    },
    "@entryid":"4.4-24972066D48533C280257DC8006283DD",
    "@unid":"24972066D48533C280257DC8006283DD",
    "@noteid":"996",
    "@position":"4.4",
    "@siblings":12,
    "@indent":1,
    "@form":"Data",
    "OrderType":"Belt and Corset",
    "ReportDateDisplay":"Oct 2014",
    "OnTime":43.38803692683299,
    "Late":9.940566109712368,
    "PercentageOnTime":81.3597852865183,
    "PercentageLate":18.640214713481683,
    "Total":53.32860303654536
  },
  {
    "@href":"http:\/\/myintranet.trailfinders.test.com:80\/trulifedashboard.nsf\/api\/data\/collections\/name\/data2\/unid\/B991D90849548F1E80257DC8006283DE",
    "@link":
    {
      "rel":"document",
      "href":"http:\/\/myintranet.trailfinders.test.com:80\/trulifedashboard.nsf\/api\/data\/documents\/unid\/B991D90849548F1E80257DC8006283DE"
    },
    "@entryid":"4.5-B991D90849548F1E80257DC8006283DE",
    "@unid":"B991D90849548F1E80257DC8006283DE",
    "@noteid":"99A",
    "@position":"4.5",
    "@siblings":12,
    "@indent":1,
    "@form":"Data",
    "OrderType":"Belt and Corset",
    "ReportDateDisplay":"Sep 2014",
    "OnTime":18.033646143282215,
    "Late":20.11528191042954,
    "PercentageOnTime":47.271698218864124,
    "PercentageLate":52.72830178113588,
    "Total":38.14892805371176
  },
  {
    "@href":"http:\/\/myintranet.trailfinders.test.com:80\/trulifedashboard.nsf\/api\/data\/collections\/name\/data2\/unid\/DE2912A131D4EC3280257DC8006283DF",
    "@link":
    {
      "rel":"document",
      "href":"http:\/\/myintranet.trailfinders.test.com:80\/trulifedashboard.nsf\/api\/data\/documents\/unid\/DE2912A131D4EC3280257DC8006283DF"
    },
    "@entryid":"4.6-DE2912A131D4EC3280257DC8006283DF",
    "@unid":"DE2912A131D4EC3280257DC8006283DF",
    "@noteid":"99E",
    "@position":"4.6",
    "@siblings":12,
    "@indent":1,
    "@form":"Data",
    "OrderType":"Belt and Corset",
    "ReportDateDisplay":"Aug 2014",
    "OnTime":81.859082932784,
    "Late":1.7522697795071336,
    "PercentageOnTime":97.90426811352194,
    "PercentageLate":2.095731886478072,
    "Total":83.61135271229114
  },
  {
    "@href":"http:\/\/myintranet.trailfinders.test.com:80\/trulifedashboard.nsf\/api\/data\/collections\/name\/data2\/unid\/BC70F4412FA9A60B80257DC8006283E0",
    "@link":
    {
      "rel":"document",
      "href":"http:\/\/myintranet.trailfinders.test.com:80\/trulifedashboard.nsf\/api\/data\/documents\/unid\/BC70F4412FA9A60B80257DC8006283E0"
    },
    "@entryid":"4.7-BC70F4412FA9A60B80257DC8006283E0",
    "@unid":"BC70F4412FA9A60B80257DC8006283E0",
    "@noteid":"9A2",
    "@position":"4.7",
    "@siblings":12,
    "@indent":1,
    "@form":"Data",
    "OrderType":"Belt and Corset",
    "ReportDateDisplay":"Jul 2014",
    "OnTime":46.75265125505455,
    "Late":17.17792019531548,
    "PercentageOnTime":73.13035093288525,
    "PercentageLate":26.86964906711475,
    "Total":63.93057145037003
  },
  {
    "@href":"http:\/\/myintranet.trailfinders.test.com:80\/trulifedashboard.nsf\/api\/data\/collections\/name\/data2\/unid\/F8BB54FEE3FC6D0180257DC8006283E1",
    "@link":
    {
      "rel":"document",
      "href":"http:\/\/myintranet.trailfinders.test.com:80\/trulifedashboard.nsf\/api\/data\/documents\/unid\/F8BB54FEE3FC6D0180257DC8006283E1"
    },
    "@entryid":"4.8-F8BB54FEE3FC6D0180257DC8006283E1",
    "@unid":"F8BB54FEE3FC6D0180257DC8006283E1",
    "@noteid":"9A6",
    "@position":"4.8",
    "@siblings":12,
    "@indent":1,
    "@form":"Data",
    "OrderType":"Belt and Corset",
    "ReportDateDisplay":"Jun 2014",
    "OnTime":73.57953765163653,
    "Late":17.328374151216906,
    "PercentageOnTime":80.9385412033268,
    "PercentageLate":19.061458796673183,
    "Total":90.90791180285343
  },
  {
    "@href":"http:\/\/myintranet.trailfinders.test.com:80\/trulifedashboard.nsf\/api\/data\/collections\/name\/data2\/unid\/7407A331D3C4BA9680257DC8006283E2",
    "@link":
    {
      "rel":"document",
      "href":"http:\/\/myintranet.trailfinders.test.com:80\/trulifedashboard.nsf\/api\/data\/documents\/unid\/7407A331D3C4BA9680257DC8006283E2"
    },
    "@entryid":"4.9-7407A331D3C4BA9680257DC8006283E2",
    "@unid":"7407A331D3C4BA9680257DC8006283E2",
    "@noteid":"9AA",
    "@position":"4.9",
    "@siblings":12,
    "@indent":1,
    "@form":"Data",
    "OrderType":"Belt and Corset",
    "ReportDateDisplay":"May 2014",
    "OnTime":90.6711680781262,
    "Late":6.735255970092316,
    "PercentageOnTime":93.08540885685507,
    "PercentageLate":6.9145911431449365,
    "Total":97.40642404821851
  },
  {
    "@href":"http:\/\/myintranet.trailfinders.test.com:80\/trulifedashboard.nsf\/api\/data\/collections\/name\/data2\/unid\/161EA4C051CE136580257DC8006283E3",
    "@link":
    {
      "rel":"document",
      "href":"http:\/\/myintranet.trailfinders.test.com:80\/trulifedashboard.nsf\/api\/data\/documents\/unid\/161EA4C051CE136580257DC8006283E3"
    },
    "@entryid":"4.10-161EA4C051CE136580257DC8006283E3",
    "@unid":"161EA4C051CE136580257DC8006283E3",
    "@noteid":"9AE",
    "@position":"4.10",
    "@siblings":12,
    "@indent":1,
    "@form":"Data",
    "OrderType":"Belt and Corset",
    "ReportDateDisplay":"Apr 2014",
    "OnTime":29.201724269474326,
    "Late":8.011520561532006,
    "PercentageOnTime":78.47131955862996,
    "PercentageLate":21.52868044137003,
    "Total":37.213244831006335
  },
  {
    "@href":"http:\/\/myintranet.trailfinders.test.com:80\/trulifedashboard.nsf\/api\/data\/collections\/name\/data2\/unid\/260C964184254F4580257DC8006283E4",
    "@link":
    {
      "rel":"document",
      "href":"http:\/\/myintranet.trailfinders.test.com:80\/trulifedashboard.nsf\/api\/data\/documents\/unid\/260C964184254F4580257DC8006283E4"
    },
    "@entryid":"4.11-260C964184254F4580257DC8006283E4",
    "@unid":"260C964184254F4580257DC8006283E4",
    "@noteid":"9B2",
    "@position":"4.11",
    "@siblings":12,
    "@indent":1,
    "@form":"Data",
    "OrderType":"Belt and Corset",
    "ReportDateDisplay":"Mar 2014",
    "OnTime":41.42267490653849,
    "Late":8.426260776684215,
    "PercentageOnTime":83.09640785466121,
    "PercentageLate":16.90359214533878,
    "Total":49.848935683222706
  },
  {
    "@href":"http:\/\/myintranet.trailfinders.test.com:80\/trulifedashboard.nsf\/api\/data\/collections\/name\/data2\/unid\/4B48D8DD0ECB8D6A80257DC8006283E5",
    "@link":
    {
      "rel":"document",
      "href":"http:\/\/myintranet.trailfinders.test.com:80\/trulifedashboard.nsf\/api\/data\/documents\/unid\/4B48D8DD0ECB8D6A80257DC8006283E5"
    },
    "@entryid":"4.12-4B48D8DD0ECB8D6A80257DC8006283E5",
    "@unid":"4B48D8DD0ECB8D6A80257DC8006283E5",
    "@noteid":"9B6",
    "@position":"4.12",
    "@siblings":12,
    "@indent":1,
    "@form":"Data",
    "OrderType":"Belt and Corset",
    "ReportDateDisplay":"Feb 2014",
    "OnTime":95.20309758144502,
    "Late":10.03944457160296,
    "PercentageOnTime":90.46065938144748,
    "PercentageLate":9.539340618552517,
    "Total":105.24254215304798
  }]